epoch,train_loss,val_dice
0,0.8088,
1,0.5219,0.798
2,0.3355,
3,0.3148,0.8136
4,0.2216,
5,0.1305,0.7959
6,0.117,
7,0.0868,0.8382
8,0.0673,
9,0.0472,0.8213
10,0.0847,
11,0.0489,0.7931
12,0.0289,
13,0.0556,0.8217
14,0.0355,
15,0.0267,0.809
16,0.0342,
17,0.069,0.8252
18,0.0339,
19,0.1028,0.8348
20,0.0294,
21,0.0581,0.8125
22,0.0289,
23,0.0336,0.7581
24,0.0519,
25,0.0328,0.8069
26,0.0308,
27,0.0355,0.7945
28,0.029,
29,0.0449,0.8153
30,0.0466,
31,0.0221,0.8288
32,0.0323,
33,0.0358,0.7981
34,0.0235,
35,0.0245,0.8301
36,0.027,
37,0.029,0.8121
38,0.0212,
39,0.0311,0.8082
40,0.0532,
41,0.045,0.8252
42,0.0198,
43,0.0148,0.8467
44,0.0302,
45,0.0277,0.8369
46,0.0222,
47,0.0196,0.8195
48,0.0527,
49,0.0371,0.8271
50,0.0485,
51,0.0365,0.8234
52,0.0172,
53,0.0893,0.7027
54,0.105,
55,0.0199,0.8388
56,0.0177,
57,0.0244,0.8516
58,0.0303,
59,0.0181,0.8213
60,0.013,
61,0.0404,0.8339
62,0.0283,
63,0.0317,0.835
64,0.0145,
65,0.0171,0.8028
66,0.0248,
67,0.0449,0.8299
68,0.0364,
69,0.0212,0.8344
70,0.0159,
71,0.0314,0.8403
72,0.0127,
73,0.0162,0.841
74,0.0213,
75,0.0188,0.7843
76,0.021,
77,0.0368,0.8022
78,0.0509,
79,0.0135,0.8402
80,0.0263,
81,0.0149,0.8315
82,0.0191,
83,0.016,0.8283
84,0.0303,
85,0.0151,0.8372
86,0.0347,
87,0.0286,0.8404
88,0.0286,
89,0.0185,0.8443
90,0.0701,
91,0.0185,0.8332
92,0.011,
93,0.0307,0.8401
94,0.0117,
95,0.0242,0.8513
96,0.0361,
97,0.0129,0.8462
98,0.0243,
99,0.059,0.8725
100,0.0607,
101,0.0379,0.8471
102,0.0581,
103,0.0136,0.8338
104,0.0102,
105,0.0234,0.8649
106,0.0045,
107,0.0223,0.8523
108,0.0157,
109,0.0203,0.8263
110,0.0119,
111,0.0286,0.8112
112,0.0389,
113,0.0165,0.8715
114,0.0256,
115,0.0157,0.8674
116,0.0338,
117,0.0537,0.81
118,0.0096,
119,0.026,0.8548
120,0.0144,
121,0.0274,0.8611
122,0.0191,
123,0.0335,0.8484
124,0.041,
125,0.0172,0.8859
126,0.0146,
127,0.0117,0.8528
128,0.0089,
129,0.0255,0.8682
130,0.0209,
131,0.0406,0.8469
132,0.0204,
133,0.0484,0.8551
134,0.0127,
135,0.0274,0.8263
136,0.0107,
137,0.0208,0.8475
138,0.0457,
139,0.006,0.8712
140,0.0077,
141,0.0258,0.8487
142,0.0211,
143,0.0221,0.8714
144,0.025,
145,0.0278,0.8348
146,0.0341,
147,0.0434,0.845
148,0.0284,
149,0.017,0.8432
150,0.0198,
151,0.0288,0.8376
152,0.0383,
153,0.0253,0.8404
154,0.0155,
155,0.0234,0.8457
156,0.0142,
157,0.0163,0.8549
158,0.02,
159,0.0188,0.8823
160,0.0089,
161,0.0253,0.8436
162,0.0275,
163,0.0087,0.8541
164,0.0131,
165,0.0149,0.8803
166,0.0386,
167,0.0105,0.8725
168,0.044,
169,0.0158,0.869
170,0.016,
171,0.027,0.873
172,0.0248,
173,0.02,0.8142
174,0.0133,
175,0.0379,0.8386
176,0.0215,
177,0.0124,0.848
178,0.0129,
179,0.0316,0.852
180,0.0183,
181,0.0209,0.8553
182,0.0226,
183,0.0455,0.8438
184,0.0169,
185,0.0251,0.8758
186,0.0232,
187,0.0277,0.8721
188,0.0207,
189,0.0368,0.8688
190,0.0636,
191,0.0299,0.8492
192,0.0152,
193,0.0258,0.8699
194,0.0139,
195,0.0131,0.8461
196,0.0143,
197,0.0222,0.8378
198,0.015,
199,0.0163,0.8366
200,0.0217,0.8553
201,0.0364,
202,0.0235,
203,0.0129,0.833
204,0.0134,
205,0.0099,0.8567
206,0.0206,
207,0.019,0.8542
208,0.0214,
209,0.0116,0.8397
210,0.0267,
211,0.0164,0.8576
212,0.0406,
213,0.0137,0.8729
214,0.0198,
215,0.0168,0.8734
216,0.0162,
217,0.0146,0.8613
218,0.0227,
219,0.0133,0.8552
220,0.0132,
221,0.0097,0.8317
222,0.0205,
223,0.0195,0.8845
224,0.0238,
225,0.0126,0.8683
226,0.0301,
227,0.0173,0.8544
228,0.0165,
229,0.0177,0.8558
230,0.0211,
231,0.0226,0.8486
232,0.0148,
233,0.0127,0.8401
234,0.023,
235,0.0168,0.8203
236,0.0256,
237,0.0162,0.8328
238,0.0075,
239,0.0072,0.8508
240,0.022,
241,0.0157,0.8757
242,0.0106,
243,0.0226,0.8732
244,0.0077,
245,0.0139,0.834
246,0.0271,
247,0.0262,0.8702
248,0.0093,
249,0.0399,0.8556
250,0.0163,
251,0.0261,0.8662
252,0.0173,
253,0.0202,0.8566
254,0.0099,
255,0.0361,0.8478
256,0.0208,
257,0.0176,0.8738
258,0.0153,
259,0.0173,0.8792
260,0.0246,
261,0.0172,0.8342
262,0.0193,
263,0.015,0.8284
264,0.018,
265,0.0269,0.8587
